city,MAE,RMSE,R2
Agra,71.04538282955572,125.21404069588142,0.12807137742296104
Ahmedabad,90.11237668736679,143.94883280930898,0.37666512976991773
Aurangabad,110.65520571685559,215.37816024562665,0.3914886860090975
Barmer,126.24050758074361,208.0203446942274,0.30598824828294224
Belgaum,89.38492984894793,184.83348153931158,0.7172848694469547
Bengaluru,88.51495764986807,151.39622803762148,0.6991226911065755
Bhavnagar,96.76827381587135,151.08764591053105,0.47979074705162783
Bhopal,92.46739661340366,140.97639956656184,0.1456515600089271
Bhubaneswar,64.36630850406027,120.74548911908383,0.3210161508171878
Bhuj,125.88933321964905,203.365907956375,0.4993548441577892
Bikaner,92.81959533049688,161.37388603054058,0.1987274397034665
Chandigarh,79.20318222850655,162.8505575216665,0.10579740421356654
Chennai,71.59661823883073,116.26038542286891,0.37829917231796184
Coimbatore,48.132475113752015,90.09783784627473,0.7574747722022865
Dehradun,17.679712177955036,44.1023909639834,0.38424929986273637
Gandhinagar,90.50928596198379,144.63036283975288,0.37074876227141873
Gurugram,70.64386071563023,118.2502571451514,0.11998833850125235
Gwalior,84.5671817111474,145.82572658127592,0.11872534478248864
Hubli Dharwad,94.4713687336008,184.2589922487525,0.691181281210437
Hyderabad,110.77170127311625,249.6169833572896,0.5516393546927987
Indore,98.89019451731681,147.6581696104144,0.3369435044061554
Jabalpur,78.84645029339418,122.83489319963493,0.07226615224514654
Jaipur,75.46147874455693,129.40654859713186,0.19140194754607498
Jaisalmer,124.05899924590742,216.75255382810812,0.34444386354423684
Jamnagar,121.16238610476411,194.1503199981118,0.5181396830735461
Jodhpur,103.5634035783522,162.39819067178513,0.29890586927182183
Kanpur,72.16932573427773,122.70801138272259,0.13795914100977558
Kochi,42.0571289372489,73.93026148501372,0.5324223683129117
Kolkata,86.21422575924144,158.0026474803714,0.1737991814978972
Kota,81.09840844292404,130.17624743039468,0.29895610599299216
Kurnool,107.36414998831441,209.52349616306103,0.6017549291361953
Lucknow,80.70984418923989,143.16808468219764,0.14240386901413282
Ludhiana,56.967367175993424,127.28913246880538,0.07101889186524679
Madurai,48.26290408010903,79.22305678066377,0.5330880117075147
Mangalore,33.08649647097708,55.41693300682372,0.6200003898113027
Mumbai,68.60778904455888,137.7363036264459,0.6321719715253126
Mysore,74.71882225497001,131.23601850925692,0.7333647374239346
Nagpur,76.85112724265176,129.43997018624756,0.14741445933503294
Nashik,92.08165176804467,172.49695320777235,0.6365203674415388
New Delhi,73.73717326342422,128.1746075151849,0.1055149871132367
Panaji,72.68852194395733,130.5313576335155,0.6420047423590275
Patna,76.72187253006929,136.1424418688786,0.17577547932727866
Prayagraj,70.27160873464693,118.21411890166372,0.13579005081707285
Pune,93.09379177498735,205.36122713144013,0.6852931370507955
Rajkot,110.67526068005782,181.41882883031633,0.5217887513543746
Ranchi,75.11381963658835,137.70571077988657,0.03135244820262417
Salem,57.29701035381291,103.13495541604011,0.6325133066134554
Shimla,41.007874533790826,112.53023152385124,0.095754527203744
Solapur,129.70441501768408,286.423572388788,0.582041281620569
Surat,90.11673723304156,151.6020698195216,0.5567696127921559
Thiruvananthapuram,66.23712331507386,115.56922059119793,0.6330833381179257
Tiruchirappalli,78.89049132354832,139.49856657432102,0.6155750994597604
Tirunelveli,73.6912268210474,135.1589162777506,0.7417824072504895
Tirupati,66.17214334315629,124.03792792158042,0.5163624038806938
Tuticorin,110.55649942441975,181.08369297507326,0.6031658786288441
Udaipur,82.59859246580835,131.7054500734154,0.2794101761834079
Vadodara,98.54627331481984,165.77530394768542,0.43358616758908763
Varanasi,76.3494378004739,130.83831992454432,0.14766956480520643
Vijayawada,83.79728860397655,165.42515619630535,0.46113169532654685
Visakhapatnam,95.84650395925537,218.70281868843972,0.36735439440715667
