city,lat,lon,hours,v100,rho,wpd,wpd_p95,share_above_5ms
Bhuj,23.24,69.67,23664,6.9236511141433805,1.1635947311370536,272.1864274217721,737.8603248572005,0.7855814739688979
Tuticorin,8.81,78.15,23664,6.723985758139762,1.1604277575867883,260.7573377556814,828.9916047706777,0.75460615280595
Jamnagar,22.47,70.07,23664,6.8319337177336505,1.1677047248292953,259.56468495529634,728.1351032981652,0.7741717376605814
Rajkot,22.3,70.8,23664,6.616604955590809,1.16025815682153,237.1309338126222,668.4469475696694,0.7519861392832995
Belgaum,15.85,74.5,23664,6.261580477430621,1.0964946373896387,233.7587239202999,891.9274758192771,0.6352265043948614
Solapur,17.66,75.91,23664,6.227091927602816,1.1062609851048886,231.94959398752806,831.8854114936731,0.6504394861392833
Hubli Dharwad,15.36,75.12,23664,6.299524587546171,1.097794136079679,226.120282001891,826.6285301228558,0.6754563894523327
Bengaluru,12.97,77.59,23664,6.4542015380518105,1.073432029624965,225.02414142709424,727.3778517004902,0.7074881676808654
Kurnool,15.83,78.04,23664,6.332212017957051,1.1227707055860392,224.85321089874702,737.9147164865473,0.6798512508451656
Nashik,20.0,73.79,23664,6.218842539911441,1.1030486021453672,221.1260405365736,811.6702501063539,0.6445233265720081
Pune,18.52,73.86,23664,6.084479869571976,1.100141301195429,220.5246644139006,863.1569949755824,0.593052738336714
Surat,21.17,72.83,23664,6.1534267022260085,1.1607173670670106,209.26878285942487,681.4667000323443,0.66670892494929
Tirunelveli,8.73,77.7,23664,6.105705884954886,1.140387347066184,207.87650708948422,742.2954122016271,0.6485378634212305
Barmer,25.75,71.39,23664,6.00954575835982,1.1395468775693842,202.66209105004452,660.5564795335963,0.6252535496957403
Hyderabad,17.39,78.49,23664,5.957672774118503,1.1097090745674338,201.6695128622258,745.9921892874889,0.607209263015551
Visakhapatnam,17.69,83.22,23664,6.005081608450292,1.162982384872993,196.8124827481696,629.4398195518792,0.6496365787694388
Jaisalmer,26.92,70.9,23664,5.767348746093924,1.1422767779415963,194.29982325136976,707.2682174998587,0.5704868154158215
Bhavnagar,21.76,72.15,23664,6.130986747256768,1.1603436244715493,193.99312238413523,560.6912828848965,0.6751605814739688
Mysore,12.3,76.65,23664,5.915543436154111,1.085587193016575,185.28610533220242,665.2856404468829,0.616421568627451
Tiruchirappalli,10.79,78.7,23664,5.920105371761043,1.1460782599009522,184.83335495582196,585.6523348624795,0.6490872210953347
Aurangabad,19.88,75.34,23664,5.949788453030766,1.1019436705411494,183.94870603067784,597.0622620925361,0.6420723461798512
Indore,22.72,75.86,23664,5.963748525450466,1.1219024486724498,182.17958828000232,546.0470952760905,0.6470165652467884
Vadodara,22.31,73.18,23664,5.852597385797367,1.1622254901468527,176.285348962023,526.6530225605596,0.6369590939824206
Panaji,15.49,73.83,23664,5.694223204637543,1.158003879723525,171.6549262854838,592.2339557513418,0.5729377958079783
Mumbai,19.08,72.88,23664,5.554071621011829,1.15699455382653,170.3702538416657,638.8279148520941,0.5486815415821501
Jodhpur,26.24,73.02,23664,5.676475100558927,1.1408932491405115,167.17040617049227,526.656604377876,0.594658553076403
Thiruvananthapuram,8.52,76.94,23664,5.661790948332268,1.1583205485802472,165.98171379997663,549.8968819742813,0.593264029749831
Gandhinagar,23.22,72.64,23664,5.745309712484035,1.1620135290756821,165.19672094135774,479.6950913207151,0.6253803245436106
Ahmedabad,23.02,72.57,23664,5.745309712484035,1.1620135290756821,165.19672094135774,479.6950913207151,0.6253803245436106
Chennai,13.08,80.27,23664,5.746781620053037,1.159405856067471,161.98768232980572,452.86148962848824,0.6442697768762677
Vijayawada,16.51,80.65,23664,5.561223015015225,1.159377093549657,152.3680084310975,471.42002710943535,0.5870943204868154
Tirupati,13.63,79.42,23664,5.5359989615470715,1.1319097881597173,149.3336564480669,495.95776531268405,0.5785158891142664
Udaipur,24.59,73.71,23664,5.483002838724156,1.1060843483084128,147.01219990140297,469.97344427161613,0.574501352265044
Bhopal,23.26,77.41,23664,5.436699448419197,1.1146941680843019,144.02398115144658,477.1387130691775,0.564317106152806
Bikaner,28.02,73.31,23664,5.14213260743994,1.1363766845426826,136.546134701513,510.05693799026454,0.4833502366463827
Patna,25.59,85.14,23664,5.088658265992107,1.1627041074218312,134.7982564219475,469.18048333984393,0.49454868154158216
Kota,25.21,75.86,23664,5.10819212316377,1.1256492182687379,132.66427557007813,479.49712715382424,0.48880155510480056
Lucknow,26.85,80.95,23664,5.002265999275229,1.158204996006483,127.50617585089009,447.1511616825009,0.482420554428668
Salem,11.66,78.16,23664,5.1292453838146015,1.1276344464320298,125.7060507614191,427.86435787555354,0.4970419202163624
Coimbatore,11.02,76.96,23664,5.036064461467077,1.109275848512237,124.4617275658071,494.2219025099939,0.4649256254225828
Kolkata,22.57,88.36,23664,5.0923140541364385,1.172699446086731,124.41569905194963,392.2358503228281,0.4926893171061528
Varanasi,25.32,82.97,23664,4.92412218895737,1.1600012227207535,119.78560305700131,422.0031226395583,0.4653904665314402
Nagpur,21.15,79.09,23664,4.974289976894454,1.1329099295204779,118.62618083757816,401.44512778220815,0.48373056118999325
Chandigarh,30.73,76.78,23664,4.8495307933323035,1.1248515201543718,115.59013212933544,421.86903965871517,0.4427822853279243
Jaipur,26.91,75.79,23664,4.9041841509031086,1.1231439591284522,114.35904176210278,401.31423011242407,0.47050371872887087
Jabalpur,23.18,79.95,23664,5.090960886342854,1.113558539711259,114.2080117890614,360.12613762142445,0.5103532792427316
Madurai,9.93,78.12,23664,4.951096606409033,1.1395368755131297,111.55835992216167,360.4623507165716,0.4863928329952671
New Delhi,28.61,77.21,23664,4.7846765249376695,1.1481455279603054,110.54590319220937,402.6305336888946,0.44155679513184587
Kanpur,26.45,80.35,23664,4.745041187903228,1.1564239362805162,108.05608671520699,381.2625646582939,0.4427822853279243
Gwalior,26.22,78.18,23664,4.738020640475882,1.1410204637530286,107.97180235712224,393.8272591077006,0.4331896551724138
Gurugram,28.46,77.03,23664,4.763726172092199,1.1447185020561323,106.63416897291104,387.78782093988906,0.4390212981744422
Ranchi,23.34,85.31,23664,4.856683584274232,1.1047201416230077,106.31671157516067,359.11517986570436,0.45744590939824203
Prayagraj,25.44,81.84,23664,4.686048007952449,1.158327213871832,104.93375873239465,374.3129615195958,0.4301893171061528
Bhubaneswar,20.3,85.82,23664,4.6473570013672125,1.1613568306425643,99.58267521841239,333.59278686098884,0.42042765382014874
Agra,27.18,78.02,23664,4.497542793899563,1.1520285860301445,93.9399718635029,346.14489861559775,0.39405848546315075
Kochi,9.93,76.27,23664,4.38135988164582,1.1614218089629391,88.49804671025896,325.08596237381107,0.3734787018255578
Ludhiana,30.9,75.85,23664,4.195277890303812,1.1451150175437916,79.18778911668839,294.7838735121254,0.33392494929006084
Mangalore,12.91,74.86,23664,4.198470360500926,1.149171340634555,74.56691870120481,268.4066203079065,0.3333755916159567
Shimla,31.1,77.17,23664,4.016704909229987,1.0767879173518717,60.2319506929949,206.62396027127147,0.24856321839080459
Dehradun,30.32,78.03,23664,3.002402740133337,1.025913357444871,27.590393166221926,110.00533912517596,0.10691345503718729
