city,region,events_ge3d,longest_days,p20_cf
Agra,North,25,15,0.014033909386225035
Ahmedabad,North-west,22,31,0.05878448597502841
Aurangabad,Central,25,10,0.048816876220719986
Barmer,North-west,26,17,0.04982310446104707
Belgaum,South,25,18,0.03980922076186834
Bengaluru,South,25,21,0.059365504632022316
Bhavnagar,North-west,20,32,0.06585219078617614
Bhopal,Central,26,11,0.03655515821034346
Bhubaneswar,East,24,8,0.01828763084882991
Bhuj,North-west,22,27,0.08617771544622874
Bikaner,North-west,24,7,0.022254737764361366
Chandigarh,North,16,15,0.016213845012976034
Chennai,South,24,25,0.048521305829471964
Coimbatore,South,23,13,0.011688507958693703
Dehradun,North,12,44,0.0011192881573124053
Gurugram,North,21,9,0.01742608449919319
Gwalior,Central,21,16,0.01892742540363801
Hubli Dharwad,South,23,22,0.03993477580121651
Hyderabad,South,28,11,0.03815581120669598
Indore,Central,19,28,0.04976694360741342
Jabalpur,Central,23,12,0.028377850219565157
Jaipur,North-west,26,16,0.018248887048750086
Jaisalmer,North-west,23,14,0.03398767793540184
Jamnagar,North-west,25,43,0.08281987515659493
Jodhpur,North-west,25,15,0.04025691132772421
Kanpur,North,22,9,0.01589515929062265
Kochi,South,28,10,0.008832434657816026
Kolkata,East,29,10,0.02442230911273674
Kota,North-west,22,13,0.024841776002684383
Kurnool,South,31,12,0.06963723620489085
Lucknow,North,24,10,0.018994801540505066
Ludhiana,North,22,8,0.011719178814174154
Madurai,South,26,22,0.02309717298969291
Mangalore,South,27,12,0.009790951274960165
Mumbai,Central,31,8,0.0370877785971586
Mysore,South,27,14,0.03303255826937096
Nagpur,Central,23,10,0.025230223915948896
Nashik,Central,25,16,0.05707354583781247
New Delhi,North,22,10,0.017543189000166708
Panaji,Central,23,14,0.03798942736854917
Patna,East,21,9,0.020693779897111617
Prayagraj,North,23,9,0.014565917243345586
Pune,Central,26,12,0.04307651314696533
Rajkot,North-west,21,32,0.07733720347178195
Ranchi,East,23,13,0.016506129793240742
Salem,South,27,11,0.02854307149758017
Shimla,North,22,44,0.007105393237919788
Solapur,Central,29,9,0.04809039807277298
Surat,North-west,29,7,0.054219980050411
Thiruvananthapuram,South,25,11,0.020383417682271185
Tiruchirappalli,South,27,11,0.04761632428102292
Tirunelveli,South,29,12,0.024078666909386533
Tirupati,South,27,24,0.04006974122902352
Tuticorin,South,28,10,0.057502513958087594
Udaipur,North-west,15,27,0.030872642945419266
Vadodara,North-west,25,26,0.0522942152162091
Varanasi,North,21,8,0.017954611680219022
Vijayawada,South,24,11,0.0442672505102193
Visakhapatnam,South,27,22,0.03314366752662618
