city,state,region,lat,lon,v100,wpd,rho,k,c,wpd_weibull,cf,below_cutin,longest_calm_h
Bhuj,Gujarat,North-west,23.24,69.67,6.92365111414338,272.18642742177207,1.1635947311370536,2.881621706593494,7.732215721493757,273.8172938932934,0.23389732331546445,0.07682555780933063,48
Tuticorin,Tamil Nadu,South,8.81,78.15,6.723985758139761,260.75733775568136,1.160427757586788,2.6847634895941233,7.5380098564369895,262.3025526917881,0.22623592378012464,0.09491210277214333,33
Jamnagar,Gujarat,North-west,22.47,70.07,6.8319337177336505,259.56468495529634,1.1677047248292953,2.9572997789228097,7.631462959061976,261.09991202133295,0.22495787990241542,0.06841615956727519,76
Rajkot,Gujarat,North-west,22.3,70.8,6.616604955590808,237.1309338126222,1.16025815682153,2.8957302439985257,7.398255940262205,238.61869805146776,0.20581706922474616,0.07822008113590263,74
Belgaum,Karnataka,South,15.85,74.5,6.261580477430622,233.7587239202999,1.0964946373896387,2.233308476890155,7.072018607303457,232.3126510234684,0.19448596657363246,0.1307471264367816,24
Solapur,Maharashtra,Central,17.66,75.91,6.227091927602817,231.94959398752803,1.1062609851048886,2.2242321181152382,7.02410682690431,230.4381038081345,0.1870718007827631,0.1328600405679513,37
Hubli Dharwad,Karnataka,South,15.36,75.12,6.299524587546171,226.120282001891,1.097794136079679,2.3636948176415125,7.099659178418021,225.03649999197137,0.18889459897008398,0.11823867478025693,32
Bengaluru,Karnataka,South,12.97,77.59,6.4542015380518105,225.02414142709424,1.0734320296249649,2.525415995975843,7.259054917002302,224.72529288051743,0.18785612857845602,0.09398242055442867,41
Kurnool,Andhra Pradesh,South,15.83,78.04,6.332212017957051,224.853210898747,1.1227707055860392,2.4923841505288165,7.130366643232054,224.68229457074028,0.1891640780328627,0.10150439486139283,47
Nashik,Maharashtra,Central,20.0,73.79,6.218842539911441,221.12604053657356,1.103048602145367,2.338131945054653,7.016185660754965,220.01634444277207,0.1852924611743254,0.11646382691007437,18
Pune,Maharashtra,Central,18.52,73.86,6.084479869571976,220.5246644139006,1.100141301195429,2.1999211916396284,6.8789936584327425,217.2827917805958,0.18000978087957806,0.11899932386747802,23
Surat,Gujarat,North-west,21.17,72.83,6.1534267022260085,209.26878285942485,1.1607173670670106,2.551778458377333,6.92306238907207,209.4176510825132,0.18077167885875176,0.1126183231913455,50
Tirunelveli,Tamil Nadu,South,8.73,77.7,6.105705884954886,207.87650708948425,1.140387347066184,2.4340767302705255,6.880292329397057,208.33390172468947,0.17915704394654716,0.12018255578093306,54
Barmer,Rajasthan,North-west,25.75,71.39,6.00954575835982,202.66209105004452,1.1395468775693842,2.3089388393658283,6.770908461317363,206.26418300509488,0.17809841302095003,0.16252535496957404,47
Hyderabad,Telangana,South,17.39,78.49,5.957672774118502,201.66951286222576,1.1097090745674336,2.2565925725720533,6.724117481372872,200.36487587988844,0.16645663440550748,0.13395875591615958,49
Visakhapatnam,Andhra Pradesh,South,17.69,83.22,6.005081608450292,196.81248274816966,1.162982384872993,2.5107990719230244,6.755107669373856,196.93685482023056,0.16596619708261195,0.11929513184584178,62
Jaisalmer,Rajasthan,North-west,26.92,70.9,5.767348746093924,194.29982325136976,1.1422767779415965,2.1065760070107244,6.507994204289963,198.68513375416936,0.16904788562726636,0.19104969574036512,67
Bhavnagar,Gujarat,North-west,21.76,72.15,6.130986747256767,193.99312238413518,1.1603436244715493,2.8094027485764483,6.874948409728297,194.29309418020844,0.16907023719480338,0.10087052062204192,33
Mysore,Karnataka,South,12.3,76.65,5.915543436154111,185.28610533220242,1.085587193016575,2.3660200716222546,6.669112510429034,184.32008660356186,0.1545846985262554,0.12216869506423259,54
Tiruchirappalli,Tamil Nadu,South,10.79,78.7,5.920105371761043,184.83335495582193,1.1460782599009522,2.5151648782904292,6.65958064821563,185.74832352761155,0.1573513725959968,0.13032454361054766,27
Aurangabad,Maharashtra,Central,19.88,75.34,5.949788453030764,183.94870603067784,1.1019436705411494,2.457718369630756,6.694914757656745,184.2472888726301,0.1560122455749814,0.12681710615280595,40
Indore,Madhya Pradesh,Central,22.72,75.86,5.963748525450466,182.17958828000226,1.1219024486724498,2.549440556239984,6.705175415421559,184.0034680948263,0.15892830524599838,0.13691683569979715,52
Vadodara,Gujarat,North-west,22.31,73.18,5.852597385797366,176.28534896202297,1.162225490146853,2.6185938742438397,6.5774652323814875,177.03712143953732,0.15153664501191313,0.12677484787018256,48
Panaji,Goa,Central,15.49,73.83,5.694223204637543,171.6549262854838,1.158003879723525,2.4308309581564576,6.419912377114375,172.0230869109162,0.14856816644901355,0.14012846517917513,32
Mumbai,Maharashtra,Central,19.08,72.88,5.554071621011829,170.3702538416657,1.15699455382653,2.2529072769569365,6.270871537833691,169.66951947067392,0.14560023028329142,0.16970926301555106,20
Jodhpur,Rajasthan,North-west,26.24,73.02,5.676475100558927,167.17040617049227,1.1408932491405115,2.3858960343962856,6.397084453858483,169.9168019754122,0.14543300842798396,0.17393509127789047,50
Thiruvananthapuram,Kerala,South,8.52,76.94,5.661790948332268,165.98171379997663,1.1583205485802472,2.4692716387085873,6.376347476645813,166.79232551876288,0.14385974666957632,0.1546653144016227,58
Gandhinagar,Gujarat,North-west,23.22,72.64,5.745309712484035,165.19672094135774,1.1620135290756821,2.6530829215592036,6.453253545691008,165.90452017613958,0.14303952559596092,0.13831135902636918,52
Ahmedabad,Gujarat,North-west,23.02,72.57,5.745309712484035,165.19672094135774,1.1620135290756821,2.6530829215592036,6.453253545691008,165.90452017613958,0.14303952559596092,0.13831135902636918,52
Chennai,Tamil Nadu,South,13.08,80.27,5.746781620053037,161.98768232980572,1.1594058560674707,2.724312432734722,6.438537948997414,162.01408070420578,0.13654796272564643,0.11756254225828262,32
Vijayawada,Andhra Pradesh,South,16.51,80.65,5.561223015015225,152.3680084310975,1.159377093549657,2.594466334678576,6.2531882487247294,152.58581935420395,0.1284476966801023,0.1313810006761325,36
Tirupati,Andhra Pradesh,South,13.63,79.42,5.535998961547072,149.3336564480669,1.1319097881597173,2.522678408859103,6.227807548910224,149.7461185727964,0.1257550789526485,0.13264874915483435,26
Udaipur,Rajasthan,North-west,24.59,73.71,5.483002838724156,147.01219990140297,1.1060843483084128,2.356954643123013,6.175232229722646,149.51629862364504,0.1263363087529394,0.18056964164976336,86
Bhopal,Madhya Pradesh,Central,23.26,77.41,5.436699448419197,144.02398115144658,1.1146941680843017,2.392098863511206,6.124999846196423,145.446666333473,0.12306906205737139,0.1752873563218391,95
Bikaner,Rajasthan,North-west,28.02,73.31,5.14213260743994,136.546134701513,1.1363766845426826,2.1437819459339535,5.808812720830893,138.2814873325028,0.11677523511394715,0.21898242055442868,36
Patna,East,East,25.59,85.14,5.088658265992107,134.7982564219475,1.1627041074218312,2.1403576570545697,5.739526355215908,136.68223125141662,0.11327673730892854,0.2224053414469236,84
Kota,Rajasthan,North-west,25.21,75.86,5.10819212316377,132.66427557007816,1.1256492182687379,2.1290934455160357,5.767386244055407,134.9169153849077,0.11284691326852535,0.23157538877620013,86
Lucknow,Uttar Pradesh,North,26.85,80.95,5.002265999275229,127.50617585089009,1.158204996006483,2.154413921286011,5.644882228988504,128.75905157158383,0.10676131325380141,0.23263184584178498,70
Salem,Tamil Nadu,South,11.66,78.16,5.1292453838146015,125.7060507614191,1.1276344464320298,2.341319759395931,5.78559060446732,125.98551667493969,0.10559079076236799,0.18804935767410413,43
Coimbatore,Tamil Nadu,South,11.02,76.96,5.036064461467077,124.4617275658071,1.109275848512237,2.2029393831542814,5.687090708260708,123.65113429945077,0.10423269794382939,0.19785327924273158,71
Kolkata,East,East,22.57,88.36,5.0923140541364385,124.4156990519496,1.172699446086731,2.4213510419603774,5.735395604097372,124.5523598209746,0.1016992031384275,0.16954022988505746,77
Varanasi,Uttar Pradesh,North,25.32,82.97,4.92412218895737,119.78560305700131,1.1600012227207535,2.193838257737659,5.557494387327244,121.0989705507499,0.10047230149186562,0.2339418526031102,64
Nagpur,Maharashtra,Central,21.15,79.09,4.974289976894454,118.62618083757818,1.1329099295204779,2.253288907736705,5.6153385750120295,119.27559600933061,0.09971941552628207,0.2288708586883029,77
Chandigarh,North (other),North,30.73,76.78,4.849530793332303,115.59013212933544,1.1248515201543718,2.1303497529811013,5.479810179852129,115.579482213483,0.09635651134304403,0.25181710615280595,39
Jaipur,Rajasthan,North-west,26.91,75.79,4.9041841509031086,114.35904176210278,1.1231439591284522,2.179812061745409,5.5333535018844735,116.38172434921019,0.09608285989401255,0.24184415145368493,58
Jabalpur,Madhya Pradesh,Central,23.18,79.95,5.090960886342855,114.2080117890614,1.113558539711259,2.5207946941759998,5.73078733346264,114.8423073103032,0.09492510567658204,0.18276707234617984,62
Madurai,Tamil Nadu,South,9.93,78.12,4.951096606409034,111.55835992216167,1.1395368755131297,2.394898253618587,5.577992170689369,112.20860511478266,0.09279643787574068,0.20072684246112238,59
New Delhi,North (other),North,28.61,77.21,4.7846765249376695,110.5459031922094,1.1481455279603052,2.149561391415955,5.399766867913901,111.95327468086364,0.092424759354364,0.2515212981744422,50
Kanpur,Uttar Pradesh,North,26.45,80.35,4.745041187903228,108.05608671520699,1.1564239362805164,2.1692897143575403,5.356585128155021,109.17608138417795,0.08942177659159058,0.25557809330628806,115
Gwalior,Madhya Pradesh,Central,26.22,78.18,4.738020640475882,107.97180235712224,1.1410204637530286,2.131542268941867,5.35065784553459,109.08855872341942,0.08935538414674295,0.2558739012846518,85
Gurugram,North (other),North,28.46,77.03,4.763726172092199,106.63416897291106,1.1447185020561321,2.1960980799830434,5.377496407471964,108.16719044358139,0.08891170807373622,0.2508451656524679,56
Ranchi,East,East,23.34,85.31,4.856683584274232,106.31671157516068,1.1047201416230077,2.2733931338409916,5.478401413785108,107.22690020307267,0.08782278783405008,0.225447937795808,66
Prayagraj,Uttar Pradesh,North,25.44,81.84,4.686048007952448,104.93375873239465,1.158327213871832,2.1404560101432035,5.287219250187609,106.44116633887984,0.08686817387903771,0.2608181203515889,56
Bhubaneswar,East,East,20.3,85.82,4.6473570013672125,99.58267521841239,1.1613568306425646,2.2373126423853824,5.244338574359761,100.18989561043962,0.08121793543626138,0.2500422582826234,36
Agra,Uttar Pradesh,North,27.18,78.02,4.497542793899563,93.9399718635029,1.1520285860301447,2.1073302240750382,5.078822840234025,95.20456483440762,0.07703300917673069,0.29031440162271804,83
Kochi,Kerala,South,9.93,76.27,4.38135988164582,88.49804671025896,1.1614218089629391,2.0917509178590685,4.944338498654094,89.1855374138017,0.0718961700644219,0.2950050709939148,58
Ludhiana,North (other),North,30.9,75.85,4.195277890303812,79.18778911668839,1.1451150175437916,2.0337375345256925,4.735475087599196,79.43526700307329,0.06277590997747189,0.32741717376605817,43
Mangalore,Karnataka,South,12.91,74.86,4.198470360500926,74.5669187012048,1.149171340634555,2.1862437082552777,4.738972903828545,74.609996814757,0.05839350631135238,0.30480899256254224,77
Shimla,North (other),North,31.1,77.17,4.016704909229987,60.2319506929949,1.0767879173518717,2.272367935378951,4.531165904058558,59.157241679837504,0.0440078966312673,0.29555442866801895,272
Dehradun,North (other),North,30.32,78.03,3.002402740133337,27.59039316622193,1.0259133574448709,1.9666778965159,3.394797715939144,27.16365804008258,0.016899663425179935,0.5612322515212982,1023
