city,R2,skill,wpd,region,k
Agra,0.12807137742296104,0.12596542496451668,93.9399718635029,North,2.1073302240750382
Ahmedabad,0.37666512976991784,0.07420082371876224,165.19672094135774,North-west,2.6530829215592036
Aurangabad,0.39148868600909736,0.1558522204946775,183.94870603067784,Central,2.457718369630756
Barmer,0.30598824828294247,0.010048857569494363,202.66209105004452,North-west,2.3089388393658283
Belgaum,0.7172848694469549,-0.09771758678330045,233.7587239202999,South,2.233308476890155
Bengaluru,0.6991226911065755,-0.0009056396814934864,225.02414142709424,South,2.525415995975843
Bhavnagar,0.4797907470516277,0.02712980269230225,193.99312238413518,North-west,2.8094027485764483
Bhopal,0.1456515600089271,0.06081308896981419,144.02398115144658,Central,2.392098863511206
Bhubaneswar,0.3210161508171877,0.11717862017696568,99.58267521841239,East,2.2373126423853824
Bhuj,0.4993548441577891,-0.033250014768301694,272.18642742177207,North-west,2.881621706593494
Bikaner,0.1987274397034665,0.11567642416964696,136.546134701513,North-west,2.1437819459339535
Chandigarh,0.10579740421356654,0.19612079683418715,115.59013212933544,North,2.1303497529811013
Chennai,0.37829917231796195,0.06337452034922453,161.98768232980572,South,2.724312432734722
Coimbatore,0.7574747722022865,0.05182562325260964,124.4617275658071,South,2.2029393831542814
Dehradun,0.38424929986273637,0.14551601533756164,27.59039316622193,North,1.9666778965159
Gandhinagar,0.37074876227141873,0.0698175999823687,165.19672094135774,North-west,2.6530829215592036
Gurugram,0.11998833850125268,0.15292373247315894,106.63416897291106,North,2.1960980799830434
Gwalior,0.11872534478248864,0.06511849665807024,107.97180235712224,Central,2.131542268941867
Hubli Dharwad,0.6911812812104371,-0.07557337588218305,226.120282001891,South,2.3636948176415125
Hyderabad,0.5516393546927989,-0.01864721526473634,201.66951286222576,South,2.2565925725720533
Indore,0.3369435044061554,0.04445614687570365,182.17958828000226,Central,2.549440556239984
Jabalpur,0.07226615224514643,0.05718195948400706,114.2080117890614,Central,2.5207946941759998
Jaipur,0.19140194754607498,0.1337754194851999,114.35904176210278,North-west,2.179812061745409
Jaisalmer,0.34444386354423695,0.057981401843070324,194.29982325136976,North-west,2.1065760070107244
Jamnagar,0.5181396830735461,-0.06685337488154808,259.56468495529634,North-west,2.9572997789228097
Jodhpur,0.29890586927182194,0.08137461256550449,167.17040617049227,North-west,2.3858960343962856
Kanpur,0.13795914100977558,0.12552192982541488,108.05608671520699,North,2.1692897143575403
Kochi,0.5324223683129117,0.05761203289180006,88.49804671025896,South,2.0917509178590685
Kolkata,0.17379918149789697,0.0514350209614568,124.4156990519496,East,2.4213510419603774
Kota,0.29895610599299216,0.07482327069463968,132.66427557007816,North-west,2.1290934455160357
Kurnool,0.6017549291361957,-0.04552886129346101,224.853210898747,South,2.4923841505288165
Lucknow,0.14240386901413304,0.11369067778848896,127.50617585089009,North,2.154413921286011
Ludhiana,0.07101889186524679,0.224913187392197,79.18778911668839,North,2.0337375345256925
Madurai,0.5330880117075147,0.05680665991928302,111.55835992216167,South,2.394898253618587
Mangalore,0.6200003898113027,0.049235238464587106,74.5669187012048,South,2.1862437082552777
Mumbai,0.6321719715253127,-0.0070581395984248285,170.3702538416657,Central,2.2529072769569365
Mysore,0.7333647374239346,0.0031417827628139605,185.28610533220242,South,2.3660200716222546
Nagpur,0.14741445933503294,0.1285313258373827,118.62618083757818,Central,2.253288907736705
Nashik,0.6365203674415388,0.08000059710961593,221.12604053657356,Central,2.338131945054653
New Delhi,0.1055149871132367,0.15314963796097547,110.5459031922094,North,2.149561391415955
Panaji,0.6420047423590276,-0.028685685837796848,171.6549262854838,Central,2.4308309581564576
Patna,0.17577547932727877,0.0692782917022623,134.7982564219475,East,2.1403576570545697
Prayagraj,0.13579005081707274,0.06513205906755115,104.93375873239465,North,2.1404560101432035
Pune,0.6852931370507958,-0.016900568464731425,220.5246644139006,Central,2.1999211916396284
Rajkot,0.5217887513543746,-0.024526957524115822,237.1309338126222,North-west,2.8957302439985257
Ranchi,0.03135244820262417,0.10767828228125753,106.31671157516068,East,2.2733931338409916
Salem,0.6325133066134554,-0.0015843447411438838,125.7060507614191,South,2.341319759395931
Shimla,0.095754527203744,0.24671012397840697,60.2319506929949,North,2.272367935378951
Solapur,0.5820412816205691,-0.08653624812031246,231.94959398752803,Central,2.2242321181152382
Surat,0.5567696127921559,0.02858110209137643,209.26878285942485,North-west,2.551778458377333
Thiruvananthapuram,0.6330833381179257,0.06981839636778342,165.98171379997663,South,2.4692716387085873
Tiruchirappalli,0.6155750994597604,-0.02448096078206663,184.83335495582193,South,2.5151648782904292
Tirunelveli,0.7417824072504895,0.0657681321109671,207.87650708948425,South,2.4340767302705255
Tirupati,0.5163624038806938,0.004446552426831563,149.3336564480669,South,2.522678408859103
Tuticorin,0.6031658786288441,-0.03151253047936642,260.75733775568136,South,2.6847634895941233
Udaipur,0.2794101761834079,0.07191283199057641,147.01219990140297,North-west,2.356954643123013
Vadodara,0.43358616758908763,0.02853292061122903,176.28534896202297,North-west,2.6185938742438397
Varanasi,0.1476695648052062,0.10943359806533615,119.78560305700131,North,2.193838257737659
Vijayawada,0.46113169532654685,0.059893563118084026,152.3680084310975,South,2.594466334678576
Visakhapatnam,0.36735439440715667,0.07956525908418999,196.81248274816966,South,2.5107990719230244
