state,cities,wpd,cf,k
Gujarat,7,216.2322887623759,0.18701290844343646,2.7667871046102364
Telangana,1,201.66951286222576,0.16645663440550748,2.2565925725720533
Maharashtra,6,191.09090660798734,0.15895098903687024,2.2876999681889862
Karnataka,5,188.9512342765385,0.15684297979195605,2.3349366140770087
Andhra Pradesh,4,180.84183963152026,0.15233326268705638,2.5300819914973802
Goa,1,171.6549262854838,0.14856816644901355,2.4308309581564576
Tamil Nadu,7,168.16871719716872,0.1431303185186076,2.471067846722657
Rajasthan,7,156.38771034385763,0.13494580344366067,2.23015042529875
Madhya Pradesh,4,137.09584589440811,0.1165694642816737,2.3984690957172643
Kerala,2,127.2398802551178,0.10787795836699911,2.2805112782838277
East,4,116.27833556686755,0.09600416592941688,2.26810361881033
Uttar Pradesh,5,110.84431924379919,0.0921113148786052,2.153065625519891
North (other),6,83.29672287839351,0.0668960748008439,2.124798765133441
