city,latitude,longitude
Agra,27.18,78.02
Ahmedabad,23.02,72.57
Aurangabad,19.88,75.34
Barmer,25.75,71.39
Belgaum,15.85,74.5
Bengaluru,12.97,77.59
Bhavnagar,21.76,72.15
Bhopal,23.26,77.41
Bhubaneswar,20.3,85.82
Bhuj,23.24,69.67
Bikaner,28.02,73.31
Chandigarh,30.73,76.78
Chennai,13.08,80.27
Coimbatore,11.02,76.96
Dehradun,30.32,78.03
Gandhinagar,23.22,72.64
Gurugram,28.46,77.03
Gwalior,26.22,78.18
Hubli Dharwad,15.36,75.12
Hyderabad,17.39,78.49
Indore,22.72,75.86
Jabalpur,23.18,79.95
Jaipur,26.91,75.79
Jaisalmer,26.92,70.9
Jamnagar,22.47,70.07
Jodhpur,26.24,73.02
Kanpur,26.45,80.35
Kochi,9.93,76.27
Kolkata,22.57,88.36
Kota,25.21,75.86
Kurnool,15.83,78.04
Lucknow,26.85,80.95
Ludhiana,30.9,75.85
Madurai,9.93,78.12
Mangalore,12.91,74.86
Mumbai,19.08,72.88
Mysore,12.3,76.65
Nagpur,21.15,79.09
Nashik,20.0,73.79
New Delhi,28.61,77.21
Panaji,15.49,73.83
Patna,25.59,85.14
Prayagraj,25.44,81.84
Pune,18.52,73.86
Rajkot,22.3,70.8
Ranchi,23.34,85.31
Salem,11.66,78.16
Shimla,31.1,77.17
Solapur,17.66,75.91
Surat,21.17,72.83
Thiruvananthapuram,8.52,76.94
Tiruchirappalli,10.79,78.7
Tirunelveli,8.73,77.7
Tirupati,13.63,79.42
Tuticorin,8.81,78.15
Udaipur,24.59,73.71
Vadodara,22.31,73.18
Varanasi,25.32,82.97
Vijayawada,16.51,80.65
Visakhapatnam,17.69,83.22
